{
    "Attention_UNet": {
        "loss": 0.2423175424337387,
        "compile_metrics": 0.7663708925247192
    },
    "Loaded_Attention_UNet": {
        "loss": 0.2423175424337387,
        "compile_metrics": 0.7663708925247192
    },
    "Standard_UNet": {
        "loss": 0.21949324011802673,
        "compile_metrics": 0.7881420254707336
    }
}