{
    "loss": 0.2423175424337387,
    "compile_metrics": 0.7663708925247192
}