{
    "loss": 0.21949324011802673,
    "compile_metrics": 0.7881420254707336
}